{
    "epochs": [
        0,
        5,
        10,
        15,
        20,
        25,
        30,
        35,
        40,
        45,
        50,
        55,
        60,
        65,
        70,
        75,
        80,
        85,
        90,
        95,
        100,
        105,
        110,
        115,
        120,
        125,
        130,
        135,
        140,
        145,
        150,
        155,
        160,
        165,
        170,
        175,
        180,
        185,
        190,
        195,
        200,
        205,
        210,
        215,
        220,
        225,
        230,
        235,
        240,
        245,
        250,
        255,
        260,
        265,
        270,
        275,
        280,
        285,
        290,
        295,
        300,
        305,
        310,
        315,
        320,
        325,
        330,
        335,
        340,
        345,
        350,
        355,
        360,
        365,
        370,
        375,
        380,
        385,
        390,
        395,
        400,
        405,
        410,
        415,
        420,
        425,
        430,
        435,
        440,
        445
    ],
    "losess": [
        0.053947190009057525,
        0.046746956557035445,
        0.016241972893476488,
        0.013856770657002925,
        0.012860948499292136,
        0.01284710057079792,
        0.010957630188204347,
        0.011469887336716056,
        0.011274558235891163,
        0.010432500205934048,
        0.00980608796235174,
        0.010117833036929369,
        0.009700961969792843,
        NaN,
        NaN,
        NaN,
        NaN,
        NaN,
        NaN,
        NaN,
        NaN,
        NaN,
        NaN,
        NaN,
        NaN,
        NaN,
        NaN,
        NaN,
        NaN,
        NaN,
        NaN,
        NaN,
        NaN,
        NaN,
        NaN,
        NaN,
        NaN,
        NaN,
        NaN,
        NaN,
        NaN,
        NaN,
        NaN,
        NaN,
        NaN,
        NaN,
        NaN,
        NaN,
        NaN,
        NaN,
        NaN,
        NaN,
        NaN,
        NaN,
        NaN,
        NaN,
        NaN,
        NaN,
        NaN,
        NaN,
        NaN,
        NaN,
        NaN,
        NaN,
        NaN,
        NaN,
        NaN,
        NaN,
        NaN,
        NaN,
        NaN,
        NaN,
        NaN,
        NaN,
        NaN,
        NaN,
        NaN,
        NaN,
        NaN,
        NaN,
        NaN,
        NaN,
        NaN,
        NaN,
        NaN,
        NaN,
        NaN,
        NaN,
        NaN,
        NaN
    ]
}