{
    "epochs": [
        0,
        5,
        10,
        15,
        20,
        25,
        30,
        35,
        40,
        45,
        50,
        55,
        60,
        65,
        70,
        75,
        80,
        85,
        90,
        95,
        100,
        105,
        110,
        115,
        120,
        125,
        130,
        135,
        140,
        145,
        150,
        155,
        160,
        165,
        170,
        175,
        180,
        185,
        190,
        195,
        200,
        205,
        210,
        215,
        220,
        225,
        230,
        235,
        240,
        245,
        250,
        255,
        260,
        265,
        270,
        275,
        280,
        285,
        290,
        295,
        300,
        305,
        310,
        315,
        320,
        325,
        330,
        335,
        340,
        345,
        350,
        355,
        360,
        365,
        370,
        375,
        380,
        385,
        390,
        395,
        400,
        405,
        410,
        415,
        420,
        425,
        430,
        435,
        440
    ],
    "losess": [
        0.09228223580867052,
        0.04807397592812777,
        0.03336689695715904,
        0.02836628435179591,
        0.02420806335285306,
        0.02122414829209447,
        0.019175276858732104,
        0.017468789080157875,
        0.016337369475513695,
        0.01579776774160564,
        0.014840876264497638,
        0.014648447139188647,
        0.014553292561322451,
        0.013851679209619761,
        0.013733039144426584,
        0.013327381061390042,
        0.013152549229562282,
        0.012845974275842309,
        0.012842990132048726,
        0.012827916489914059,
        0.012454925989732146,
        0.011889427062124014,
        0.01178759743925184,
        0.01179234478622675,
        0.011622927896678448,
        0.011162884999066591,
        0.011410067626275121,
        0.010898724291473627,
        0.011066908412612975,
        0.01052103096153587,
        0.010384603752754629,
        0.010182686964981258,
        0.010448633437044918,
        0.010359514830633998,
        0.010044131544418633,
        0.010487168561667204,
        0.009900670708157122,
        0.009625640767626464,
        0.010278625832870602,
        0.00976031378377229,
        0.011173225822858512,
        0.009519283333793283,
        0.009415129292756319,
        0.009275135397911072,
        0.009590718313120306,
        0.009392934944480657,
        0.010053463862277567,
        0.009145512757822872,
        0.009907402703538537,
        0.00974913586396724,
        0.009066027170047165,
        0.009298796649090946,
        0.009308226383291185,
        0.00951369246467948,
        0.008981742989271879,
        0.008549961587414145,
        0.00859643411822617,
        0.008494382328353822,
        0.008619724237360061,
        0.008735481114126743,
        0.008090901840478181,
        0.008060199837200344,
        0.007999067730270325,
        0.008053128723986447,
        0.008152764313854277,
        0.008041874575428664,
        0.007851537549868226,
        0.008365845843218266,
        0.007763117249123752,
        0.007974609616212547,
        0.007561652502045035,
        0.007713013212196529,
        0.007587239844724536,
        0.0074609687319025396,
        0.00746166268363595,
        0.007435706933028996,
        0.0073561462806537746,
        0.008705749246291816,
        0.007210302632302046,
        0.007970397337339818,
        0.007139018550515175,
        0.007459584786556661,
        0.007494325656443835,
        0.007185392919927836,
        0.007091976748779416,
        0.02775557618588209,
        0.011917195189744234,
        0.010904829413630069,
        0.010339054861105978
    ]
}