{
    "epochs": [
        0,
        5,
        10,
        15,
        20,
        25,
        30,
        35,
        40,
        45,
        50,
        55,
        60,
        65,
        70,
        75,
        80,
        85,
        90,
        95,
        100,
        105,
        110,
        115,
        120,
        125,
        130,
        135,
        140,
        145,
        150,
        155,
        160,
        165,
        170,
        175,
        180,
        185,
        190,
        195
    ],
    "losess": [
        0.06830024719238281,
        0.02433486469089985,
        0.012730206176638604,
        0.011923237424343824,
        0.010876300558447839,
        0.011562812700867653,
        0.010167126590386034,
        0.010566956992261112,
        0.008956288755871355,
        0.008987632696516812,
        0.008383670076727866,
        0.010532428999431432,
        0.008100767224095761,
        0.007532036560587585,
        0.00757815942633897,
        0.007129370607435704,
        0.007048861682415008,
        0.006754745112266392,
        0.006767104496248066,
        0.007014926359988749,
        0.006237667670939117,
        0.00615852716146037,
        0.005911729508079588,
        0.006205137399956584,
        0.006049940921366214,
        0.005758045683614909,
        0.005721820937469602,
        0.005949235917069018,
        0.005707143561448902,
        0.0058382796356454495,
        0.005719691643025726,
        2.131159149168525,
        NaN,
        NaN,
        NaN,
        NaN,
        NaN,
        NaN,
        NaN,
        NaN
    ]
}