{
    "epochs": [
        0,
        5,
        10,
        15,
        20,
        25,
        30,
        35,
        40,
        45,
        50,
        55,
        60,
        65,
        70,
        75,
        80,
        85,
        90,
        95,
        100,
        105,
        110,
        115,
        120,
        125,
        130,
        135,
        140,
        145
    ],
    "losess": [
        0.06083084717392921,
        0.018463884852826594,
        0.015238478034734725,
        0.01199792162515223,
        0.01137605553958565,
        0.011040871287696064,
        0.011579237435944379,
        0.011026659491471946,
        0.010570173314772547,
        0.009841463901102543,
        0.009466714155860246,
        0.009940364374779164,
        0.008863671938888729,
        0.010224742325954139,
        0.008331954292953015,
        0.007924092281609774,
        0.008066144096665085,
        0.007786137145012617,
        0.007306656776927411,
        0.006868176977150142,
        0.008053109049797058,
        0.007049459335394204,
        0.006535423430614173,
        0.006828621542081237,
        NaN,
        NaN,
        NaN,
        NaN,
        NaN,
        NaN
    ]
}